"","Larvae_pCO2","mean_Perc_def","n","sd_Perc_def","se_Perc_def"
"1","Low pCO2",0.03875,4,0.0270601182554696,0.0135300591277348
"2","Moderate pCO2",0.0805,4,0.0713185342904166,0.0356592671452083
"3","High pCO2",0.82975,4,0.113141136049921,0.0565705680249603
