"","Larvae_pCO2","mean_Perc_def","n","sd_Perc_def","se_Perc_def"
"1","Low pCO2",0.062,5,0.0210119013894507,0.00939680796866681
"2","Moderate pCO2",0.0405,4,0.0570409209836821,0.0285204604918411
"3","High pCO2",0.90925,4,0.0353683003078557,0.0176841501539278
